order_id,customer_id,product_id,order_date,quantity,unit_price,region
O00001,C0065,P017,2026-05-17,2,10578.89,South
O00002,C0095,P014,2025-08-08,3,3715.78,North
O00003,C0105,P019,2025-10-07,2,8361.45,North
O00004,C0093,P019,2026-05-04,3,7213.03,West
O00005,C0069,P038,2025-02-14,1,4854.48,West
O00006,C0102,P010,2025-01-01,3,6973.62,West
O00007,C0079,P011,2025-02-24,1,2354.5,West
O00008,C0027,P007,2025-08-19,2,1734.66,West
O00009,C0039,P013,2026-01-13,2,997.45,North
O00010,C0076,P036,2025-02-24,2,4442.66,East
O00011,C0063,P015,2025-01-09,1,2895.71,East
O00012,C0074,P029,2025-07-30,1,10215.33,North
O00013,C0070,P010,2025-06-14,2,10767.21,South
O00014,C0064,P033,2025-08-23,1,6062.2,South
O00015,C0062,P011,2026-04-24,3,3054.46,South
O00016,C0005,P006,2025-08-20,1,2607.87,South
O00017,C0069,P005,2026-05-10,3,2180.13,West
O00018,C0010,P040,2026-04-03,2,6874.18,North
O00019,C0060,P001,2025-01-26,4,5581.49,North
O00020,C0008,P040,2025-06-14,1,8045.87,East
O00021,C0013,P002,2025-06-08,3,6214.78,West
O00022,C0064,P003,2026-02-10,3,10358.39,South
O00023,C0105,P003,2026-03-08,1,9024.32,North
O00024,C0029,P036,2026-03-30,1,3793.83,North
O00025,C0017,P006,2025-02-12,1,1944.39,West
O00026,C0070,P018,2025-02-04,2,8170.1,North
O00027,C0002,P038,2025-07-02,2,5999.25,South
O00028,C0043,P011,2025-07-04,3,2503.64,South
O00029,C0008,P030,2025-02-27,2,8767.39,East
O00030,C0056,P029,2026-03-22,2,10614.17,South
O00031,C0010,P034,2026-05-11,4,11366.96,North
O00032,C0106,P025,2025-05-23,1,7261.75,North
O00033,C0092,P001,2025-03-12,1,4067.73,North
O00034,C0050,P038,2025-01-13,3,5585.88,North
O00035,C0032,P012,2025-08-06,1,1265.26,East
O00036,C0009,P036,2025-07-25,4,3425.23,West
O00037,C0037,P012,2026-04-27,1,1664.11,North
O00038,C0081,P037,2026-05-17,2,6130.79,East
O00039,C0111,P014,2025-06-06,2,4261.36,North
O00040,C0066,P011,2026-02-27,1,2620.66,East
O00041,C0114,P034,2025-09-03,1,7889.61,West
O00042,C0067,P025,2025-03-06,2,7355.34,North
O00043,C0003,P028,2025-11-22,2,2549.77,West
O00044,C0112,P037,2025-08-08,2,6436.64,North
O00045,C0084,P007,2025-03-16,1,1766.69,South
O00046,C0038,P024,2025-05-15,1,1066.62,North
O00047,C0010,P008,2026-05-08,1,1049.3,North
O00048,C0073,P035,2025-05-16,1,2981.62,East
O00049,C0002,P025,2025-11-05,3,6431.32,North
O00050,C0077,P034,2026-06-07,2,10804.63,South
O00051,C0019,P039,2025-05-21,3,8034.62,North
O00052,C0018,P034,2025-03-12,3,9155.81,North
O00053,C0056,P027,2025-08-01,1,6060.14,North
O00054,C0043,P037,2025-03-02,3,6514.11,East
O00055,C0106,P024,2025-11-16,1,1435.81,South
O00056,C0042,P031,2025-03-22,1,7390.92,West
O00057,C0019,P006,2025-03-12,1,2691.35,North
O00058,C0111,P006,2025-07-09,4,2772.24,East
O00059,C0092,P021,2025-08-29,2,1436.48,East
O00060,C0025,P028,2025-11-22,3,3521.84,North
O00061,C0101,P001,2026-03-15,3,3915.64,West
O00062,C0086,P018,2026-05-05,4,6980.73,East
O00063,C0106,P036,2025-07-12,2,3334.89,West
O00064,C0087,P031,2025-05-21,2,8114.75,South
O00065,C0004,P010,2026-06-14,4,9312.75,North
O00066,C0091,P011,2025-11-19,3,2855.54,East
O00067,C0047,P037,2026-02-27,2,6294.31,South
O00068,C0060,P021,2026-04-26,3,1693.75,East
O00069,C0043,P025,2025-05-02,4,6746.88,North
O00070,C0109,P011,2025-06-13,4,2969.87,North
O00071,C0057,P038,2025-08-29,2,6065.33,North
O00072,C0058,P028,2025-08-12,3,2644.48,South
O00073,C0067,P022,2026-04-30,1,7151.17,North
O00074,C0010,P006,2025-10-06,4,2715.73,North
O00075,C0061,P001,2026-06-29,1,5785.22,North
O00076,C0016,P034,2025-11-23,3,9504.96,West
O00077,C0001,P033,2025-06-25,3,6095.05,West
O00078,C0087,P031,2026-06-27,2,8284.05,East
O00079,C0007,P023,2025-09-15,2,6960.75,East
O00080,C0019,P006,2026-06-27,4,2758.76,North
O00081,C0002,P031,2025-08-23,3,6559.83,North
O00082,C0057,P002,2026-02-18,4,7517.19,East
O00083,C0012,P036,2026-04-07,2,3562.46,West
O00084,C0015,P015,2025-12-04,1,3493.39,West
O00085,C0078,P028,2025-08-05,1,2881.25,East
O00086,C0014,P029,2026-04-20,2,12285.54,West
O00087,C0004,P035,2025-05-15,3,3016.94,North
O00088,C0001,P012,2026-04-30,2,1918.25,South
O00089,C0065,P024,2026-03-11,3,1492.33,South
O00090,C0069,P038,2025-07-08,1,5133.84,West
O00091,C0087,P006,2025-05-04,4,2562.77,South
O00092,C0053,P014,2026-05-17,1,4971.51,North
O00093,C0106,P008,2025-07-12,3,997.5,West
O00094,C0096,P038,2026-01-19,4,5756.33,South
O00095,C0039,P025,2025-06-18,2,6439.18,South
O00096,C0012,P007,2025-09-14,2,1398.88,South
O00097,C0059,P025,2026-02-27,4,9666.06,East
O00098,C0072,P004,2025-04-21,3,7684.48,East
O00099,C0009,P025,2026-01-28,2,8548.73,North
O00100,C0114,P007,2025-12-21,2,1364.6,South
O00101,C0003,P001,2025-03-30,2,4605.83,East
O00102,C0110,P006,2026-04-09,4,3139.41,East
O00103,C0080,P021,2025-10-28,2,1612.53,West
O00104,C0038,P032,2025-09-01,2,4050.59,East
O00105,C0077,P005,2025-08-31,4,1874.03,South
O00106,C0049,P023,2025-12-30,4,8218.97,East
O00107,C0017,P033,2025-03-11,4,5869.26,East
O00108,C0084,P014,2025-05-18,4,4003.32,North
O00109,C0039,P016,2026-06-06,1,1377.7,South
O00110,C0015,P009,2026-02-03,1,1554.58,West
O00111,C0067,P035,2025-06-10,1,2671.6,West
O00112,C0016,P018,2025-11-28,4,8352.33,South
O00113,C0073,P020,2025-03-29,1,5612.92,West
O00114,C0080,P019,2026-01-28,4,7241.43,East
O00115,C0016,P040,2025-02-19,2,8414.49,South
O00116,C0023,P001,2026-03-26,2,4522.06,North
O00117,C0100,P013,2025-07-17,3,780.23,East
O00118,C0101,P023,2026-02-14,3,7651.38,East
O00119,C0033,P029,2026-02-17,4,9363.52,South
O00120,C0047,P011,2026-01-20,2,3084.6,South
O00121,C0018,P019,2025-08-19,4,7003.5,North
O00122,C0032,P038,2025-10-25,4,5770.81,South
O00123,C0070,P040,2026-06-27,1,9724.72,South
O00124,C0088,P033,2025-11-26,1,5652.86,South
O00125,C0019,P003,2025-09-26,3,9955.7,North
O00126,C0120,P004,2025-05-11,2,7677.46,East
O00127,C0027,P011,2025-11-23,2,2348.74,South
O00128,C0095,P002,2025-01-31,1,5256.69,North
O00129,C0081,P019,2025-08-20,1,8660.32,West
O00130,C0023,P036,2025-08-05,4,3487.43,North
O00131,C0090,P038,2025-10-21,2,5601.49,West
O00132,C0018,P036,2026-03-14,3,4298.65,West
O00133,C0077,P008,2025-01-27,4,1329.91,North
O00134,C0069,P020,2025-11-17,3,4754.19,North
O00135,C0008,P034,2025-01-18,4,12008.88,East
O00136,C0050,P005,2025-04-15,4,2425.05,East
O00137,C0061,P011,2025-02-09,3,2644.37,South
O00138,C0077,P014,2025-10-07,3,4896.75,North
O00139,C0011,P023,2025-02-03,4,9447.41,North
O00140,C0070,P035,2025-10-09,4,2771.29,East
O00141,C0045,P018,2025-10-19,2,7191.19,East
O00142,C0062,P013,2025-10-26,2,1115.12,East
O00143,C0055,P028,2025-02-28,2,3546.62,South
O00144,C0015,P029,2025-11-07,1,12169.95,West
O00145,C0110,P013,2025-03-24,3,844.15,East
O00146,C0054,P024,2026-05-08,3,1312.11,South
O00147,C0079,P009,2025-03-21,4,1758.0,South
O00148,C0027,P033,2025-10-05,1,5015.43,West
O00149,C0100,P026,2025-03-08,3,5818.02,East
O00150,C0006,P035,2025-12-29,4,3292.62,West
O00151,C0042,P025,2025-11-27,2,8329.45,East
O00152,C0011,P013,2026-03-16,4,969.67,South
O00153,C0117,P032,2025-11-24,2,2518.37,North
O00154,C0040,P033,2026-03-08,2,6932.04,East
O00155,C0008,P014,2026-03-29,2,4764.48,East
O00156,C0019,P012,2026-04-05,1,1567.21,West
O00157,C0085,P022,2025-08-29,4,8985.02,East
O00158,C0066,P024,2026-02-12,4,945.45,West
O00159,C0060,P030,2026-02-23,1,7507.15,East
O00160,C0053,P010,2025-07-21,1,9554.96,North
O00161,C0081,P021,2026-03-15,1,1766.36,South
O00162,C0116,P032,2025-12-09,4,2896.16,East
O00163,C0033,P037,2025-03-14,3,6603.73,North
O00164,C0119,P040,2026-05-06,4,7923.8,South
O00165,C0028,P037,2025-01-08,1,5662.62,East
O00166,C0028,P031,2025-08-18,2,6198.58,North
O00167,C0045,P002,2025-09-30,3,5393.89,North
O00168,C0116,P019,2025-01-19,2,8200.03,North
O00169,C0083,P005,2026-01-31,1,1665.72,North
O00170,C0075,P004,2025-01-18,3,5609.11,East
O00171,C0058,P016,2026-06-04,3,2055.48,South
O00172,C0073,P026,2025-06-06,2,6105.53,North
O00173,C0009,P007,2025-02-16,2,2078.6,North
O00174,C0055,P027,2026-03-26,4,7465.36,North
O00175,C0024,P012,2026-02-18,1,1302.51,South
O00176,C0048,P011,2025-03-05,4,2516.56,East
O00177,C0050,P006,2026-01-30,4,2117.32,South
O00178,C0021,P013,2025-02-10,3,1171.4,North
O00179,C0107,P038,2025-08-22,3,3773.09,East
O00180,C0040,P039,2026-03-06,2,9344.39,South
O00181,C0023,P039,2026-06-24,2,7463.3,East
O00182,C0019,P018,2025-06-26,2,6698.84,West
O00183,C0073,P003,2026-05-30,2,8465.63,North
O00184,C0116,P035,2025-02-17,2,3627.89,North
O00185,C0083,P004,2025-04-17,2,7613.66,North
O00186,C0069,P020,2026-02-01,4,6259.45,East
O00187,C0087,P026,2025-01-30,1,9008.42,East
O00188,C0006,P029,2025-04-25,3,8597.87,South
O00189,C0029,P010,2025-07-12,1,7519.79,East
O00190,C0057,P023,2026-05-20,2,9289.57,West
O00191,C0115,P019,2026-02-08,3,9550.46,East
O00192,C0065,P035,2025-04-13,1,2591.24,East
O00193,C0087,P015,2025-07-17,3,3126.36,North
O00194,C0017,P017,2026-01-27,2,10105.7,East
O00195,C0073,P038,2025-12-17,4,6030.27,West
O00196,C0112,P034,2026-01-03,2,8853.94,West
O00197,C0012,P017,2025-04-16,1,9458.28,East
O00198,C0119,P033,2025-12-18,2,5089.64,South
O00199,C0063,P014,2026-02-20,1,4888.05,East
O00200,C0067,P038,2025-02-10,2,6023.52,East
O00201,C0118,P031,2025-09-22,2,7918.91,East
O00202,C0030,P009,2025-07-19,3,1423.98,South
O00203,C0096,P021,2025-07-14,3,1792.52,West
O00204,C0115,P027,2026-05-05,2,5041.61,North
O00205,C0036,P017,2025-05-27,3,7639.87,West
O00206,C0073,P032,2026-02-12,3,2580.26,North
O00207,C0111,P030,2025-01-14,2,9607.32,West
O00208,C0101,P033,2026-04-15,1,5758.06,North
O00209,C0082,P020,2025-06-09,1,4903.85,North
O00210,C0107,P024,2025-07-29,4,1358.08,North
O00211,C0047,P032,2025-08-08,3,3518.36,East
O00212,C0119,P007,2026-04-05,3,1958.67,South
O00213,C0009,P021,2025-11-13,4,2041.08,West
O00214,C0116,P022,2025-03-22,1,8263.91,East
O00215,C0059,P002,2026-05-16,3,6670.79,North
O00216,C0085,P010,2026-04-19,2,10676.67,North
O00217,C0073,P002,2026-06-05,4,5951.0,East
O00218,C0029,P006,2025-01-15,2,2197.24,South
O00219,C0115,P028,2025-03-10,2,3026.08,West
O00220,C0038,P008,2025-04-27,3,1257.06,West
O00221,C0106,P024,2025-09-06,1,946.3,West
O00222,C0004,P023,2025-09-01,2,9658.51,South
O00223,C0087,P014,2026-03-18,3,3554.2,West
O00224,C0076,P038,2026-06-17,3,5706.09,South
O00225,C0029,P005,2025-10-05,3,2534.56,North
O00226,C0047,P001,2025-07-06,3,5899.82,East
O00227,C0049,P007,2025-06-23,3,1468.27,South
O00228,C0009,P019,2026-04-24,2,6632.54,North
O00229,C0079,P030,2025-05-21,3,8463.11,South
O00230,C0087,P017,2026-05-23,1,9572.54,North
O00231,C0105,P019,2026-06-21,4,6707.41,North
O00232,C0061,P027,2026-01-22,3,5905.82,South
O00233,C0092,P020,2026-03-14,2,6366.69,West
O00234,C0017,P004,2026-03-06,3,6557.13,South
O00235,C0057,P001,2026-06-10,4,4706.54,East
O00236,C0022,P008,2025-11-04,3,1147.98,West
O00237,C0031,P034,2025-04-08,3,11227.44,East
O00238,C0042,P009,2025-06-05,1,2087.36,West
O00239,C0016,P017,2025-05-11,1,7152.17,East
O00240,C0074,P023,2025-11-29,1,9101.78,West
O00241,C0042,P007,2026-03-25,4,1821.83,South
O00242,C0002,P015,2025-11-13,1,2467.49,West
O00243,C0065,P010,2025-01-29,2,7339.16,West
O00244,C0079,P020,2026-05-06,3,4164.28,South
O00245,C0008,P007,2025-05-01,3,2143.98,West
O00246,C0063,P018,2025-04-28,4,5322.29,North
O00247,C0086,P011,2025-11-11,2,3332.17,West
O00248,C0084,P024,2025-04-20,4,1085.6,West
O00249,C0090,P032,2025-03-10,2,3491.89,South
O00250,C0050,P031,2025-08-30,3,8871.21,East
O00251,C0021,P018,2025-06-13,4,6506.95,East
O00252,C0086,P003,2026-05-28,2,9931.91,North
O00253,C0111,P032,2025-02-16,2,3533.77,East
O00254,C0034,P024,2026-06-20,3,1106.81,West
O00255,C0109,P018,2025-06-15,2,6400.82,East
O00256,C0013,P013,2025-02-22,3,1099.71,East
O00257,C0011,P017,2026-03-07,3,9761.18,North
O00258,C0083,P019,2025-03-04,2,7220.55,West
O00259,C0064,P001,2025-05-29,3,6009.65,West
O00260,C0040,P029,2025-12-25,2,9224.17,North
O00261,C0095,P014,2025-12-21,2,5507.4,West
O00262,C0072,P040,2025-07-05,2,8624.6,West
O00263,C0070,P010,2026-02-10,3,8528.96,West
O00264,C0058,P025,2026-04-07,3,6386.38,West
O00265,C0001,P026,2026-04-11,3,6144.91,East
O00266,C0074,P021,2025-01-04,2,1700.36,North
O00267,C0077,P007,2026-01-30,3,2042.82,West
O00268,C0099,P006,2025-11-22,2,2652.92,South
O00269,C0052,P023,2025-08-27,3,7394.0,North
O00270,C0024,P003,2026-06-15,1,6492.15,South
O00271,C0105,P034,2025-10-17,4,11957.16,North
O00272,C0078,P028,2025-04-21,2,2432.27,North
O00273,C0112,P023,2025-12-14,2,7693.59,South
O00274,C0034,P025,2026-05-16,3,6789.11,East
O00275,C0002,P032,2025-08-31,3,2871.97,North
O00276,C0009,P039,2026-03-25,1,7324.27,North
O00277,C0056,P014,2025-03-19,4,4188.58,West
O00278,C0034,P003,2025-07-03,3,8170.48,South
O00279,C0118,P012,2025-04-28,3,1675.4,South
O00280,C0032,P040,2026-01-26,4,8175.36,South
O00281,C0088,P021,2026-02-24,1,2219.18,East
O00282,C0107,P037,2025-03-16,2,4528.22,North
O00283,C0062,P012,2025-08-22,3,1633.17,North
O00284,C0029,P003,2025-03-30,3,7247.96,North
O00285,C0058,P007,2026-06-28,3,1693.64,South
O00286,C0095,P027,2025-10-11,1,7101.95,West
O00287,C0104,P035,2025-01-06,2,3292.17,South
O00288,C0044,P036,2025-05-14,2,4520.15,South
O00289,C0116,P017,2025-09-08,1,7413.42,North
O00290,C0024,P024,2026-04-10,4,1437.27,West
O00291,C0092,P006,2025-01-27,1,2259.19,North
O00292,C0116,P025,2026-03-28,2,9818.94,South
O00293,C0070,P021,2025-07-12,2,1656.06,East
O00294,C0110,P007,2025-06-10,3,1473.09,South
O00295,C0120,P019,2025-09-26,1,8545.66,East
O00296,C0044,P021,2025-11-12,1,1947.16,West
O00297,C0018,P006,2026-01-18,2,2885.68,South
O00298,C0090,P028,2025-05-26,2,2992.64,South
O00299,C0039,P015,2025-07-03,2,2811.39,South
O00300,C0067,P028,2025-05-31,1,3552.39,East
O00301,C0109,P011,2025-12-02,2,3145.61,East
O00302,C0098,P040,2025-02-01,1,9506.56,South
O00303,C0049,P036,2025-05-31,4,3693.32,East
O00304,C0078,P027,2025-10-09,3,5058.37,North
O00305,C0112,P010,2025-11-07,1,8437.8,South
O00306,C0005,P013,2025-11-17,1,726.67,North
O00307,C0029,P006,2026-02-12,3,2361.82,East
O00308,C0070,P032,2025-08-15,1,3292.55,South
O00309,C0118,P030,2026-01-09,2,7763.45,North
O00310,C0088,P018,2025-11-27,1,7187.07,East
O00311,C0084,P016,2025-05-17,2,2233.36,West
O00312,C0004,P003,2025-09-29,2,8536.69,North
O00313,C0032,P024,2026-02-15,3,943.36,West
O00314,C0104,P012,2025-10-05,4,1877.66,West
O00315,C0106,P026,2025-11-26,2,6989.21,North
O00316,C0052,P031,2025-05-28,3,7813.5,South
O00317,C0120,P020,2025-06-05,2,6537.04,West
O00318,C0026,P020,2026-06-14,3,4519.89,North
O00319,C0067,P031,2026-03-30,2,8146.05,South
O00320,C0072,P024,2026-05-11,4,1295.42,North
O00321,C0058,P003,2025-11-14,2,9462.74,East
O00322,C0049,P002,2026-05-02,1,7884.98,West
O00323,C0036,P032,2025-11-19,2,3833.83,East
O00324,C0078,P001,2025-07-07,4,5538.9,East
O00325,C0104,P001,2025-10-10,4,4425.1,South
O00326,C0084,P033,2025-11-13,3,6767.64,South
O00327,C0070,P011,2026-03-09,4,2507.63,North
O00328,C0083,P023,2025-09-10,2,8887.02,North
O00329,C0094,P012,2025-06-10,1,1493.92,East
O00330,C0014,P037,2026-04-14,1,4777.98,North
O00331,C0007,P001,2025-09-24,3,5403.92,North
O00332,C0015,P002,2025-05-17,2,5691.71,East
O00333,C0043,P018,2026-01-12,2,5141.76,East
O00334,C0001,P026,2026-03-18,2,6819.71,North
O00335,C0089,P007,2025-06-30,4,1324.87,East
O00336,C0038,P027,2026-02-15,1,6761.5,South
O00337,C0052,P036,2025-01-26,1,4278.82,South
O00338,C0014,P037,2026-01-12,4,6744.65,West
O00339,C0029,P002,2026-06-03,3,6062.4,North
O00340,C0027,P031,2025-03-06,1,7630.47,West
O00341,C0066,P013,2025-10-28,1,911.28,East
O00342,C0080,P009,2025-04-11,2,1958.67,North
O00343,C0056,P004,2025-09-02,4,7744.03,North
O00344,C0095,P011,2025-09-21,3,2114.05,East
O00345,C0004,P028,2025-01-13,3,3612.83,North
O00346,C0083,P033,2025-07-08,3,5777.24,South
O00347,C0042,P022,2025-08-26,4,9805.35,West
O00348,C0066,P033,2025-04-23,3,5036.96,South
O00349,C0024,P022,2025-03-09,3,8919.83,North
O00350,C0009,P027,2025-12-18,4,4730.2,West
O00351,C0009,P008,2025-06-20,4,1217.08,East
O00352,C0027,P019,2026-04-02,1,6607.87,North
O00353,C0106,P023,2026-04-12,4,9172.31,East
O00354,C0099,P040,2026-03-11,1,6634.25,East
O00355,C0107,P024,2025-02-11,1,1345.85,South
O00356,C0084,P024,2025-03-13,3,1486.06,North
O00357,C0052,P017,2025-04-19,3,7506.19,North
O00358,C0055,P006,2025-10-20,4,2740.62,South
O00359,C0105,P025,2026-03-27,4,9060.88,North
O00360,C0118,P017,2026-01-07,3,7620.8,East
O00361,C0054,P003,2025-11-08,2,7913.43,North
O00362,C0116,P032,2026-03-08,3,3977.85,South
O00363,C0120,P011,2025-08-03,1,3333.74,West
O00364,C0068,P039,2026-04-24,1,8901.01,North
O00365,C0009,P036,2025-03-09,1,4856.39,South
O00366,C0039,P040,2025-03-12,4,8208.72,East
O00367,C0041,P011,2026-03-13,2,2644.3,South
O00368,C0091,P039,2025-01-16,1,10528.93,West
O00369,C0025,P028,2025-02-12,1,2499.47,East
O00370,C0070,P033,2026-06-02,4,6322.77,West
O00371,C0056,P007,2026-05-07,3,1402.67,North
O00372,C0036,P025,2025-09-06,1,8406.31,North
O00373,C0009,P019,2025-04-12,3,6774.36,South
O00374,C0048,P031,2025-08-27,4,8411.19,South
O00375,C0074,P038,2025-02-01,3,4916.28,West
O00376,C0025,P023,2025-11-02,1,7498.35,South
O00377,C0073,P024,2025-05-08,1,1141.12,North
O00378,C0011,P017,2025-09-05,3,9740.17,West
O00379,C0045,P019,2025-09-02,4,9343.07,North
O00380,C0068,P011,2026-05-09,4,2107.8,West
O00381,C0084,P028,2025-10-29,1,3236.21,North
O00382,C0028,P026,2025-08-15,1,8712.24,West
O00383,C0102,P028,2026-03-09,4,3164.25,West
O00384,C0011,P008,2025-09-05,4,1036.26,West
O00385,C0118,P039,2025-03-26,3,6432.02,East
O00386,C0098,P011,2025-06-28,2,2906.85,West
O00387,C0085,P024,2026-02-03,4,1014.5,West
O00388,C0015,P013,2025-08-09,3,882.15,West
O00389,C0067,P002,2025-07-29,3,5887.74,North
O00390,C0090,P010,2025-12-31,1,10060.04,West
O00391,C0044,P005,2025-08-26,4,2412.19,North
O00392,C0007,P032,2025-02-09,3,3257.91,West
O00393,C0041,P006,2025-04-25,4,2298.98,North
O00394,C0042,P038,2025-04-08,3,5350.33,West
O00395,C0113,P024,2025-10-25,3,1171.15,West
O00396,C0004,P016,2026-04-27,3,1839.81,East
O00397,C0106,P033,2026-02-04,4,5766.54,East
O00398,C0061,P005,2026-06-02,3,2274.84,West
O00399,C0027,P002,2025-02-20,3,4899.58,North
O00400,C0077,P012,2025-09-04,3,1898.07,West
O00401,C0026,P001,2025-08-12,4,4965.61,North
O00402,C0077,P012,2026-06-01,3,1663.58,South
O00403,C0089,P013,2025-05-28,4,867.54,South
O00404,C0074,P012,2026-04-22,3,1905.93,North
O00405,C0080,P036,2025-08-17,2,4582.91,East
O00406,C0071,P018,2026-02-04,2,8338.88,South
O00407,C0003,P036,2026-04-05,2,4430.13,West
O00408,C0084,P040,2025-01-17,2,9225.49,East
O00409,C0017,P032,2026-04-11,1,3216.08,East
O00410,C0019,P021,2026-04-30,3,1532.45,North
O00411,C0095,P026,2025-10-01,3,6083.27,East
O00412,C0038,P027,2026-05-22,4,4797.53,West
O00413,C0104,P023,2025-12-23,1,6591.27,South
O00414,C0058,P027,2025-03-11,4,4670.24,West
O00415,C0004,P016,2025-06-14,3,1558.52,North
O00416,C0053,P006,2025-01-28,2,2916.07,East
O00417,C0082,P032,2026-02-19,4,4190.84,West
O00418,C0032,P024,2025-02-24,3,1505.52,South
O00419,C0017,P015,2025-03-24,4,3095.64,South
O00420,C0095,P027,2026-04-18,3,5712.79,South
O00421,C0098,P021,2025-06-24,4,1749.75,East
O00422,C0079,P016,2025-02-12,4,2253.07,North
O00423,C0035,P010,2025-06-26,1,9117.63,South
O00424,C0062,P007,2025-04-15,2,1489.45,East
O00425,C0069,P039,2025-08-14,4,7391.09,West
O00426,C0008,P040,2025-09-06,4,6059.08,West
O00427,C0041,P040,2025-11-19,3,6977.76,South
O00428,C0086,P029,2025-12-20,2,9173.16,South
O00429,C0024,P020,2025-01-01,2,4714.96,West
O00430,C0027,P027,2026-06-20,2,7525.86,West
O00431,C0019,P038,2026-03-09,2,5645.66,South
O00432,C0002,P003,2025-01-13,3,6422.09,East
O00433,C0068,P009,2025-07-27,2,1956.35,East
O00434,C0030,P023,2026-06-18,4,7974.01,South
O00435,C0026,P014,2025-05-04,1,3596.59,North
O00436,C0115,P013,2026-05-27,3,994.64,North
O00437,C0079,P024,2025-08-13,1,1391.03,North
O00438,C0048,P033,2025-05-31,1,6095.85,East
O00439,C0108,P002,2025-03-20,4,4821.3,East
O00440,C0094,P023,2026-01-10,1,7436.09,South
O00441,C0101,P015,2026-05-07,2,2284.0,East
O00442,C0043,P034,2025-05-29,3,7201.93,South
O00443,C0023,P029,2025-01-13,3,11177.05,West
O00444,C0057,P035,2026-04-29,2,4024.57,West
O00445,C0012,P005,2025-06-28,3,1876.22,North
O00446,C0083,P034,2025-03-31,3,10386.21,South
O00447,C0055,P027,2025-10-19,3,6042.39,East
O00448,C0086,P027,2025-03-02,2,5954.11,North
O00449,C0057,P004,2026-05-20,1,7144.59,East
O00450,C0044,P009,2025-12-25,2,1676.74,North
O00451,C0078,P020,2025-05-08,3,4762.44,West
O00452,C0077,P038,2025-11-17,1,4544.38,North
O00453,C0002,P002,2026-02-27,3,7499.64,East
O00454,C0083,P032,2026-04-07,1,3061.06,South
O00455,C0054,P033,2025-07-16,1,4632.46,East
O00456,C0025,P005,2025-03-13,1,2101.23,North
O00457,C0020,P013,2026-01-13,4,885.33,West
O00458,C0012,P023,2026-05-24,1,6552.66,South
O00459,C0031,P040,2025-11-10,2,8599.18,North
O00460,C0084,P003,2025-07-27,1,7339.34,South
O00461,C0116,P015,2025-05-12,2,2986.38,West
O00462,C0078,P012,2025-03-17,3,1196.11,North
O00463,C0066,P015,2025-05-02,1,2303.83,South
O00464,C0044,P032,2026-04-13,1,3645.88,North
O00465,C0045,P033,2025-09-19,1,4363.4,South
O00466,C0029,P006,2025-08-18,2,2212.99,North
O00467,C0104,P016,2026-04-01,2,2126.21,West
O00468,C0039,P005,2025-05-08,1,1853.94,East
O00469,C0040,P025,2026-02-28,3,6617.08,South
O00470,C0026,P007,2025-12-29,3,1704.66,North
O00471,C0025,P037,2025-11-25,3,4498.22,East
O00472,C0033,P010,2025-05-10,4,6628.27,West
O00473,C0035,P005,2025-02-26,4,2112.0,South
O00474,C0077,P014,2026-05-18,4,4382.22,South
O00475,C0058,P002,2026-03-22,2,6403.07,North
O00476,C0107,P023,2025-12-09,1,8138.14,East
O00477,C0003,P022,2025-06-13,1,8228.07,West
O00478,C0040,P029,2026-06-22,2,9023.45,East
O00479,C0031,P016,2025-02-03,1,1957.0,West
O00480,C0087,P027,2025-08-07,1,7490.02,East
O00481,C0063,P021,2025-06-11,3,2051.2,East
O00482,C0098,P002,2025-07-17,1,5292.48,South
O00483,C0087,P023,2025-12-08,4,9035.55,East
O00484,C0067,P024,2025-07-09,1,1361.51,North
O00485,C0104,P018,2025-06-04,3,8142.81,North
O00486,C0007,P024,2025-07-02,1,1168.92,South
O00487,C0104,P015,2025-04-22,3,2542.95,West
O00488,C0085,P023,2025-12-04,1,6717.56,West
O00489,C0112,P028,2026-01-06,4,3490.38,North
O00490,C0106,P040,2026-01-12,1,7432.04,South
O00491,C0074,P040,2026-04-28,3,7148.87,North
O00492,C0069,P040,2026-03-27,3,6965.43,East
O00493,C0029,P028,2025-09-23,4,2625.95,West
O00494,C0050,P038,2026-01-03,3,5539.37,West
O00495,C0065,P021,2025-10-29,3,1899.1,East
O00496,C0043,P028,2025-03-09,3,3261.97,East
O00497,C0045,P004,2025-05-13,3,6580.38,South
O00498,C0118,P031,2025-12-17,4,6977.87,North
O00499,C0007,P024,2026-02-12,4,1220.32,East
O00500,C0010,P040,2025-03-15,1,6303.93,East
O00501,C0069,P005,2026-04-05,2,2375.09,West
O00502,C0053,P002,2025-11-28,4,6529.38,West
O00503,C0099,P015,2025-10-30,3,2949.23,West
O00504,C0016,P026,2026-03-05,2,5801.66,West
O00505,C0100,P002,2025-10-04,2,6160.9,North
O00506,C0058,P010,2026-04-24,4,10014.92,North
O00507,C0014,P010,2025-08-13,4,10898.1,West
O00508,C0082,P015,2025-09-17,2,3199.95,North
O00509,C0006,P001,2025-04-30,3,6129.2,East
O00510,C0028,P025,2026-05-31,4,7264.27,East
O00511,C0065,P024,2025-02-24,3,1351.15,East
O00512,C0040,P001,2025-09-08,1,5886.19,South
O00513,C0022,P025,2025-10-03,4,8893.15,East
O00514,C0079,P011,2025-05-22,4,2500.68,South
O00515,C0091,P006,2026-02-18,4,2313.33,West
O00516,C0013,P016,2025-12-02,4,1533.46,South
O00517,C0028,P024,2026-03-13,3,1345.4,East
O00518,C0102,P021,2026-06-26,1,1868.23,East
O00519,C0067,P015,2026-02-16,2,2379.04,East
O00520,C0022,P023,2025-07-21,4,8494.92,West
O00521,C0078,P033,2026-04-10,3,5619.81,South
O00522,C0006,P002,2026-05-30,1,7244.49,West
O00523,C0006,P023,2025-01-30,3,8030.89,East
O00524,C0003,P003,2025-01-22,4,10272.99,East
O00525,C0068,P014,2025-05-20,3,5357.71,West
O00526,C0042,P026,2025-01-19,3,6632.0,East
O00527,C0004,P026,2025-07-02,2,7951.42,North
O00528,C0041,P040,2026-05-16,2,7168.07,South
O00529,C0038,P025,2025-04-21,3,8243.28,East
O00530,C0037,P028,2026-05-01,1,3709.87,West
O00531,C0003,P006,2025-09-25,4,2181.02,North
O00532,C0099,P025,2025-04-06,1,8112.0,East
O00533,C0116,P039,2025-03-19,1,10047.22,North
O00534,C0058,P008,2025-09-08,1,1585.81,South
O00535,C0045,P002,2025-03-09,4,5258.94,East
O00536,C0091,P014,2025-03-28,2,3880.71,North
O00537,C0045,P023,2025-04-17,1,8963.28,North
O00538,C0069,P034,2026-05-09,4,11855.5,South
O00539,C0110,P026,2025-01-07,1,6869.87,East
O00540,C0117,P015,2025-07-03,3,2930.48,East
O00541,C0118,P007,2025-02-11,2,1611.0,South
O00542,C0090,P010,2025-02-20,4,7044.67,North
O00543,C0105,P013,2025-10-12,2,808.24,North
O00544,C0051,P035,2026-04-18,4,2793.58,East
O00545,C0058,P002,2026-04-20,2,7040.07,South
O00546,C0074,P018,2025-03-25,2,8130.34,North
O00547,C0071,P033,2025-11-13,1,5274.71,North
O00548,C0103,P037,2025-09-21,2,5341.59,West
O00549,C0097,P019,2025-10-17,1,6960.98,North
O00550,C0098,P031,2026-04-26,4,8010.88,West
O00551,C0088,P030,2025-12-27,1,8925.28,North
O00552,C0039,P030,2025-03-14,3,9237.7,West
O00553,C0009,P039,2025-08-10,1,6294.77,South
O00554,C0052,P018,2026-04-28,4,6549.15,South
O00555,C0064,P024,2025-04-17,1,1223.87,North
O00556,C0094,P036,2026-01-21,3,4751.0,East
O00557,C0088,P017,2025-08-12,2,6850.98,North
O00558,C0092,P022,2026-02-28,2,8651.83,West
O00559,C0048,P012,2025-06-01,3,1691.8,North
O00560,C0044,P025,2025-08-10,2,8573.96,West
O00561,C0112,P030,2025-03-01,4,6941.22,West
O00562,C0107,P006,2025-08-27,3,2818.94,West
O00563,C0064,P029,2025-09-27,4,11669.61,West
O00564,C0016,P021,2025-05-16,2,1857.49,West
O00565,C0004,P028,2026-05-26,1,3644.11,South
O00566,C0028,P014,2025-05-11,4,4309.45,South
O00567,C0069,P030,2025-06-25,2,9540.34,South
O00568,C0087,P018,2026-01-29,4,5534.87,West
O00569,C0037,P020,2025-12-10,2,6009.38,North
O00570,C0114,P038,2026-03-10,4,5758.2,West
O00571,C0067,P029,2025-07-15,1,11233.0,South
O00572,C0114,P019,2026-01-19,4,8065.56,North
O00573,C0068,P035,2025-09-28,1,3426.78,North
O00574,C0100,P005,2025-01-09,2,1874.77,North
O00575,C0096,P024,2026-05-29,3,1181.62,West
O00576,C0093,P039,2025-01-07,1,6346.7,West
O00577,C0096,P031,2025-05-13,4,8543.01,North
O00578,C0006,P022,2026-06-09,1,9798.32,West
O00579,C0106,P008,2025-12-30,1,1286.97,West
O00580,C0061,P030,2025-12-18,1,7599.39,East
O00581,C0083,P035,2026-04-06,1,3654.06,West
O00582,C0090,P020,2025-11-13,4,4662.03,South
O00583,C0056,P031,2025-09-05,1,7019.78,South
O00584,C0039,P035,2025-04-03,1,3945.42,North
O00585,C0023,P011,2025-01-19,1,2919.23,East
O00586,C0066,P021,2026-01-29,1,2257.88,South
O00587,C0115,P022,2026-02-13,2,8233.68,West
O00588,C0097,P035,2026-03-02,4,3607.41,East
O00589,C0017,P035,2025-12-28,4,2682.12,West
O00590,C0120,P020,2025-05-26,4,4277.49,East
O00591,C0100,P007,2025-08-17,2,2193.69,West
O00592,C0047,P035,2026-03-15,3,2986.77,South
O00593,C0025,P023,2025-11-19,3,8398.28,North
O00594,C0055,P010,2025-10-02,1,10017.25,South
O00595,C0060,P037,2025-01-20,3,5566.39,West
O00596,C0021,P030,2026-01-04,4,6685.05,West
O00597,C0091,P001,2025-04-17,2,4620.57,North
O00598,C0002,P026,2026-01-28,4,9020.46,West
O00599,C0009,P037,2025-01-25,2,5416.44,South
O00600,C0100,P025,2025-01-23,4,6589.22,South
O00601,C0010,P024,2025-11-25,2,1433.45,South
O00602,C0105,P011,2025-11-22,4,2560.23,East
O00603,C0115,P015,2025-01-21,4,3251.03,West
O00604,C0069,P016,2025-03-18,4,1609.45,South
O00605,C0084,P030,2025-07-24,1,9459.52,East
O00606,C0019,P005,2026-05-11,2,1910.05,North
O00607,C0013,P036,2025-05-12,3,4486.59,North
O00608,C0109,P008,2026-01-27,3,1205.05,South
O00609,C0003,P023,2026-02-02,2,9866.79,East
O00610,C0093,P023,2025-05-12,4,6913.65,East
O00611,C0100,P035,2026-01-24,2,2563.76,East
O00612,C0105,P039,2025-12-19,3,10114.97,West
O00613,C0003,P020,2025-06-12,4,4230.67,East
O00614,C0004,P001,2025-08-08,1,6263.9,South
O00615,C0037,P009,2025-05-25,3,2112.41,West
O00616,C0112,P015,2025-01-23,3,3203.93,South
O00617,C0044,P001,2025-06-29,2,4079.44,North
O00618,C0057,P019,2025-02-27,3,8623.02,West
O00619,C0064,P038,2025-04-08,2,5508.55,South
O00620,C0084,P015,2025-02-15,3,2883.72,South
O00621,C0103,P015,2025-11-06,2,3123.73,East
O00622,C0051,P020,2025-07-14,4,4728.87,North
O00623,C0061,P004,2025-09-16,4,4894.52,West
O00624,C0037,P008,2025-03-26,3,1586.94,North
O00625,C0009,P036,2025-07-18,4,4385.65,East
O00626,C0099,P001,2025-04-04,3,5288.26,East
O00627,C0072,P010,2026-05-10,3,9628.39,West
O00628,C0102,P021,2025-07-05,1,1899.34,South
O00629,C0078,P001,2026-01-15,3,5592.4,North
O00630,C0092,P036,2026-05-11,3,3361.38,East
O00631,C0021,P016,2026-04-21,4,1464.28,East
O00632,C0099,P029,2025-07-12,2,7469.33,North
O00633,C0044,P023,2025-02-22,4,6479.99,West
O00634,C0118,P006,2025-11-10,3,2934.71,West
O00635,C0065,P007,2026-03-06,2,2127.26,South
O00636,C0048,P022,2025-05-27,1,6827.49,West
O00637,C0080,P039,2026-05-23,4,7988.65,South
O00638,C0005,P010,2025-07-15,4,10216.06,East
O00639,C0029,P019,2025-08-26,4,9433.48,North
O00640,C0017,P024,2025-06-22,3,1385.39,North
O00641,C0073,P018,2025-11-15,2,5238.54,East
O00642,C0079,P024,2026-04-10,2,1299.69,South
O00643,C0044,P026,2025-01-31,3,8311.84,West
O00644,C0059,P034,2025-09-01,1,10045.66,South
O00645,C0077,P030,2026-03-25,1,8873.25,South
O00646,C0012,P028,2025-07-01,1,3669.05,North
O00647,C0039,P039,2025-01-29,4,8524.51,East
O00648,C0018,P031,2025-11-29,2,6782.08,West
O00649,C0065,P012,2026-03-01,4,1775.59,West
O00650,C0118,P024,2025-07-12,1,1479.44,East
O00651,C0023,P009,2026-02-09,4,2071.79,North
O00652,C0038,P040,2026-05-07,1,9642.59,North
O00653,C0083,P018,2025-06-30,4,6316.51,West
O00654,C0052,P006,2026-06-20,1,2077.81,East
O00655,C0054,P003,2026-01-26,1,9745.08,South
O00656,C0112,P021,2026-04-15,2,1692.09,South
O00657,C0065,P018,2026-02-19,4,6291.25,North
O00658,C0038,P004,2025-08-12,1,5629.88,East
O00659,C0033,P030,2026-04-08,1,8533.77,North
O00660,C0066,P013,2025-01-21,3,867.43,North
O00661,C0094,P019,2026-03-03,4,7016.27,South
O00662,C0017,P007,2026-04-24,4,1647.36,West
O00663,C0042,P008,2026-04-14,3,1379.46,North
O00664,C0025,P036,2026-06-14,1,3787.3,South
O00665,C0047,P003,2026-05-18,1,6714.01,South
O00666,C0020,P011,2025-05-03,4,3010.31,South
O00667,C0030,P011,2025-12-30,4,2093.75,East
O00668,C0108,P008,2025-04-02,3,1465.13,South
O00669,C0035,P003,2026-06-19,3,7379.76,North
O00670,C0067,P035,2025-09-15,3,2833.87,West
O00671,C0049,P015,2025-09-12,4,2179.25,West
O00672,C0111,P027,2025-10-11,1,6568.37,North
O00673,C0045,P011,2025-06-05,1,3177.56,North
O00674,C0073,P015,2026-03-19,1,2689.76,North
O00675,C0029,P014,2026-05-11,4,4086.77,South
O00676,C0015,P001,2026-03-17,4,4302.57,North
O00677,C0114,P007,2026-05-24,2,2162.19,South
O00678,C0047,P030,2026-06-20,4,6529.86,West
O00679,C0010,P034,2026-04-04,1,10796.54,West
O00680,C0103,P026,2025-02-05,1,8001.21,West
O00681,C0107,P006,2025-09-26,1,2574.14,East
O00682,C0044,P027,2025-04-16,4,5387.39,West
O00683,C0014,P016,2025-04-04,2,1608.2,North
O00684,C0116,P016,2025-06-01,1,2245.95,South
O00685,C0083,P020,2026-05-22,4,6616.51,South
O00686,C0032,P016,2025-08-13,3,2060.25,West
O00687,C0063,P002,2026-03-26,2,5817.39,West
O00688,C0073,P009,2025-05-15,1,1338.63,East
O00689,C0039,P004,2025-04-21,2,7121.19,East
O00690,C0078,P006,2026-04-08,3,2950.87,South
O00691,C0090,P030,2025-08-28,4,8031.07,West
O00692,C0054,P035,2025-05-25,1,2826.01,East
O00693,C0017,P024,2026-01-02,4,1346.73,South
O00694,C0019,P040,2026-03-24,1,7510.09,North
O00695,C0065,P008,2025-09-05,1,1369.92,West
O00696,C0042,P025,2025-05-03,4,7608.56,East
O00697,C0057,P026,2026-06-11,4,7096.1,West
O00698,C0018,P014,2026-05-06,4,4497.3,South
O00699,C0013,P025,2025-12-19,2,7711.09,South
O00700,C0009,P009,2026-03-01,4,1501.23,West
O00701,C0119,P026,2025-12-07,4,5628.13,North
O00702,C0029,P029,2025-11-04,2,11535.21,South
O00703,C0003,P007,2026-05-04,2,1422.53,West
O00704,C0039,P031,2025-09-22,2,6028.27,North
O00705,C0043,P027,2025-11-29,1,5143.66,East
O00706,C0075,P001,2026-04-05,2,4650.63,South
O00707,C0058,P026,2025-11-28,4,6121.75,East
O00708,C0102,P033,2026-02-28,2,6398.02,West
O00709,C0079,P028,2026-02-13,3,3241.28,North
O00710,C0037,P032,2025-10-17,2,3037.26,North
O00711,C0030,P020,2025-06-18,1,5206.89,East
O00712,C0042,P037,2026-05-23,4,4813.19,South
O00713,C0012,P014,2025-05-19,4,4702.35,East
O00714,C0017,P039,2025-03-18,4,7712.63,East
O00715,C0029,P032,2025-07-04,4,3973.85,North
O00716,C0088,P028,2025-12-20,4,2586.52,West
O00717,C0048,P037,2025-06-17,3,4832.72,East
O00718,C0081,P008,2025-10-09,2,1260.65,West
O00719,C0037,P026,2025-08-18,4,9045.77,South
O00720,C0092,P018,2025-07-09,2,5920.15,East
O00721,C0031,P028,2025-01-29,2,3281.43,West
O00722,C0108,P027,2026-01-30,4,4968.42,South
O00723,C0120,P031,2026-01-17,2,8174.84,West
O00724,C0074,P027,2026-01-12,3,5498.77,East
O00725,C0086,P012,2026-05-20,1,1713.72,West
O00726,C0091,P023,2026-01-27,3,9232.54,North
O00727,C0120,P024,2026-03-04,1,1519.77,North
O00728,C0001,P040,2025-05-18,1,10094.86,North
O00729,C0107,P005,2025-09-17,3,2096.97,North
O00730,C0084,P022,2025-06-22,2,6700.0,East
O00731,C0112,P021,2025-12-15,3,1626.2,North
O00732,C0024,P012,2026-03-17,1,1779.16,East
O00733,C0053,P011,2025-03-04,1,2054.88,South
O00734,C0037,P035,2025-09-06,4,3984.42,South
O00735,C0014,P008,2025-04-14,2,1602.92,East
O00736,C0051,P007,2026-03-16,4,1589.25,North
O00737,C0041,P008,2026-03-14,2,1416.48,South
O00738,C0042,P027,2025-11-17,2,6074.03,West
O00739,C0007,P017,2025-06-30,4,9559.16,North
O00740,C0071,P020,2026-06-28,1,5125.54,South
O00741,C0038,P040,2025-01-11,4,6943.37,South
O00742,C0109,P006,2025-10-10,2,2750.26,East
O00743,C0078,P040,2026-05-24,2,8505.41,East
O00744,C0010,P010,2026-04-08,3,6684.31,South
O00745,C0118,P001,2025-02-18,2,5438.58,West
O00746,C0005,P027,2025-03-18,1,6551.24,North
O00747,C0046,P009,2026-04-26,3,1407.29,North
O00748,C0024,P040,2025-06-14,2,7426.43,East
O00749,C0008,P018,2025-01-02,1,5223.78,South
O00750,C0047,P029,2025-12-30,1,8491.32,North
O00751,C0097,P002,2026-01-05,2,5624.0,West
O00752,C0091,P038,2025-06-22,1,5255.89,North
O00753,C0022,P010,2025-11-03,4,9406.02,East
O00754,C0084,P008,2026-02-13,1,1499.91,East
O00755,C0035,P011,2025-07-06,2,3159.87,North
O00756,C0034,P029,2026-06-08,4,11930.51,South
O00757,C0037,P040,2025-12-25,4,9580.65,North
O00758,C0086,P017,2025-07-09,3,10885.23,West
O00759,C0003,P026,2025-06-02,2,8025.1,West
O00760,C0037,P035,2025-05-16,3,2875.58,West
O00761,C0003,P005,2025-12-21,2,2388.97,East
O00762,C0065,P025,2026-03-07,1,9768.71,West
O00763,C0119,P039,2026-06-04,2,9257.79,West
O00764,C0058,P016,2026-06-06,3,1830.93,West
O00765,C0114,P016,2025-12-25,3,1926.68,East
O00766,C0052,P009,2025-07-07,4,1460.1,North
O00767,C0091,P012,2025-06-10,3,1252.69,South
O00768,C0116,P021,2026-04-15,2,1620.72,North
O00769,C0033,P014,2025-09-12,4,3603.1,North
O00770,C0004,P017,2025-12-30,2,9434.84,North
O00771,C0059,P006,2025-04-21,1,2309.21,North
O00772,C0022,P030,2025-10-11,3,6022.2,North
O00773,C0008,P040,2025-08-18,2,7193.89,East
O00774,C0009,P033,2026-04-30,4,7144.59,North
O00775,C0079,P030,2026-01-30,4,6885.8,North
O00776,C0001,P015,2025-02-19,4,2789.25,North
O00777,C0111,P006,2025-07-09,1,2324.74,West
O00778,C0078,P029,2025-03-01,3,11317.99,North
O00779,C0067,P039,2025-05-19,2,8681.55,East
O00780,C0063,P007,2026-03-05,1,1351.34,North
O00781,C0058,P013,2026-05-25,3,812.25,North
O00782,C0099,P021,2025-04-24,3,1806.78,North
O00783,C0063,P004,2026-01-03,4,7962.74,West
O00784,C0107,P028,2026-03-02,3,3310.03,East
O00785,C0020,P006,2026-03-28,3,2599.21,North
O00786,C0114,P009,2026-01-03,2,2041.54,East
O00787,C0035,P015,2025-02-10,2,3501.15,South
O00788,C0002,P017,2025-11-21,4,7876.14,South
O00789,C0074,P031,2025-11-06,4,8700.15,North
O00790,C0016,P011,2025-07-20,4,2118.51,North
O00791,C0101,P013,2025-05-18,2,1053.2,South
O00792,C0006,P002,2026-01-30,2,7932.78,South
O00793,C0018,P025,2025-03-18,4,6544.5,West
O00794,C0068,P025,2026-01-18,3,9879.42,South
O00795,C0071,P027,2026-03-10,4,4976.06,South
O00796,C0045,P018,2025-03-13,3,7378.68,East
O00797,C0116,P038,2025-12-02,3,5495.77,South
O00798,C0040,P017,2026-05-23,2,7591.59,West
O00799,C0053,P034,2025-07-03,3,9088.3,East
O00800,C0097,P007,2026-04-14,1,1747.87,North
O00801,C0106,P031,2026-02-22,2,9575.08,East
O00802,C0022,P020,2026-03-30,1,4335.45,North
O00803,C0051,P022,2025-04-30,3,6398.54,East
O00804,C0076,P026,2026-03-17,1,7937.08,West
O00805,C0002,P016,2025-08-13,3,1359.92,West
O00806,C0099,P022,2026-06-25,1,7900.74,South
O00807,C0087,P007,2026-05-20,4,1967.47,West
O00808,C0020,P003,2026-01-02,2,10573.6,East
O00809,C0117,P011,2026-06-13,2,2991.01,West
O00810,C0050,P012,2026-03-05,4,1677.81,East
O00811,C0029,P019,2026-02-20,4,5948.95,West
O00812,C0097,P025,2026-05-30,4,9673.45,West
O00813,C0018,P020,2026-02-14,4,5381.91,South
O00814,C0013,P012,2025-06-28,4,1376.78,North
O00815,C0073,P021,2025-10-05,2,1729.24,North
O00816,C0095,P033,2025-12-02,1,6431.63,West
O00817,C0115,P001,2025-01-29,1,5732.98,East
O00818,C0105,P022,2026-03-11,2,7839.85,South
O00819,C0026,P001,2026-06-08,3,4412.84,West
O00820,C0002,P021,2025-04-09,3,2247.44,West
O00821,C0110,P037,2025-11-09,2,4704.9,South
O00822,C0099,P022,2025-06-09,3,7925.91,North
O00823,C0063,P002,2026-05-06,2,4782.07,West
O00824,C0027,P024,2026-05-30,4,1332.94,West
O00825,C0019,P025,2026-02-20,2,7012.71,West
O00826,C0034,P007,2025-05-07,2,2084.63,North
O00827,C0057,P018,2025-12-08,4,6364.1,West
O00828,C0038,P004,2026-01-29,4,5834.44,West
O00829,C0050,P027,2026-01-22,4,5347.56,West
O00830,C0072,P010,2026-01-10,1,8378.14,South
O00831,C0080,P007,2025-04-03,3,1718.44,West
O00832,C0032,P001,2026-01-28,1,3851.76,North
O00833,C0053,P007,2025-11-13,2,1852.14,East
O00834,C0053,P037,2026-01-13,2,4385.37,East
O00835,C0056,P038,2025-09-27,3,4916.47,South
O00836,C0064,P003,2025-05-31,1,10057.72,East
O00837,C0007,P025,2025-08-18,3,8709.02,West
O00838,C0081,P014,2026-02-03,2,4158.62,South
O00839,C0030,P013,2025-08-03,4,895.86,South
O00840,C0069,P011,2025-04-13,1,3304.2,South
O00841,C0087,P001,2026-01-10,2,6195.42,North
O00842,C0035,P028,2025-09-24,4,3073.59,North
O00843,C0091,P033,2025-06-06,3,6122.51,North
O00844,C0005,P034,2026-02-15,1,7850.31,North
O00845,C0084,P017,2026-06-04,1,8930.31,South
O00846,C0110,P019,2025-05-11,1,8280.27,East
O00847,C0118,P038,2025-10-12,4,5378.86,South
O00848,C0107,P038,2025-09-09,3,6291.25,North
O00849,C0036,P005,2025-03-21,4,2335.37,North
O00850,C0049,P026,2025-12-14,2,9047.07,North
O00851,C0082,P003,2026-06-18,2,8418.39,South
O00852,C0015,P022,2025-03-03,2,7880.32,East
O00853,C0049,P034,2025-10-02,3,11680.78,East
O00854,C0013,P025,2025-08-06,3,6729.21,South
O00855,C0067,P001,2025-06-30,4,5399.16,West
O00856,C0104,P026,2025-10-10,4,5686.11,West
O00857,C0067,P038,2025-08-25,1,5915.29,North
O00858,C0014,P035,2025-05-21,1,3561.16,West
O00859,C0005,P016,2025-01-31,4,2016.87,South
O00860,C0119,P028,2025-10-07,1,3647.06,North
O00861,C0042,P018,2026-05-21,3,8367.82,South
O00862,C0039,P036,2025-09-11,4,3303.77,South
O00863,C0096,P007,2025-04-03,3,1514.11,North
O00864,C0051,P022,2025-09-22,4,7378.59,East
O00865,C0082,P005,2025-07-26,4,1718.79,West
O00866,C0057,P040,2026-06-05,1,9428.61,North
O00867,C0013,P024,2025-10-21,2,1103.18,East
O00868,C0056,P015,2025-01-30,4,2171.84,East
O00869,C0057,P008,2026-04-24,1,1561.84,East
O00870,C0074,P013,2025-07-19,3,948.26,North
O00871,C0088,P016,2025-09-23,2,1973.42,East
O00872,C0034,P037,2025-08-14,1,4192.11,East
O00873,C0106,P008,2025-05-02,3,1182.64,North
O00874,C0065,P001,2025-03-29,4,5354.52,North
O00875,C0004,P032,2026-01-21,4,2655.07,North
O00876,C0097,P027,2026-03-30,4,4996.82,East
O00877,C0016,P037,2025-06-17,1,4393.78,West
O00878,C0066,P010,2026-01-20,1,7314.04,South
O00879,C0091,P017,2025-09-08,4,7702.46,South
O00880,C0112,P003,2025-06-25,1,6357.61,East
O00881,C0033,P010,2026-05-15,3,10837.45,East
O00882,C0045,P008,2025-04-13,4,1555.99,South
O00883,C0108,P039,2025-01-18,2,9403.11,North
O00884,C0061,P001,2025-04-24,4,4949.97,West
O00885,C0034,P039,2026-01-23,4,9238.37,North
O00886,C0032,P009,2025-08-14,1,1689.92,South
O00887,C0065,P022,2025-07-14,2,7489.89,East
O00888,C0067,P032,2025-01-06,2,2859.6,West
O00889,C0074,P031,2025-07-08,4,6493.23,West
O00890,C0044,P009,2026-05-08,4,1915.36,East
O00891,C0075,P033,2026-03-19,3,4560.6,West
O00892,C0062,P005,2026-05-15,2,2054.32,North
O00893,C0032,P007,2025-03-21,4,1368.99,West
O00894,C0109,P011,2025-10-29,2,2914.84,North
O00895,C0070,P022,2026-06-12,1,10030.88,East
O00896,C0058,P020,2025-06-20,1,4177.0,East
O00897,C0067,P035,2025-12-25,4,4238.83,North
O00898,C0090,P020,2025-11-26,3,5959.59,East
O00899,C0114,P007,2025-09-02,3,1589.23,West
O00900,C0026,P017,2026-04-09,3,10692.67,East
O00901,C0046,P037,2025-10-02,3,5195.11,West
O00902,C0098,P011,2025-11-04,2,2748.51,West
O00903,C0028,P036,2025-05-21,4,3469.02,South
O00904,C0053,P034,2025-03-07,3,7361.25,North
O00905,C0042,P006,2026-06-01,2,3028.13,North
O00906,C0110,P005,2025-10-12,4,2483.66,North
O00907,C0110,P009,2026-05-06,3,1351.11,East
O00908,C0013,P005,2025-04-28,1,1749.71,North
O00909,C0050,P026,2025-07-23,2,8426.76,West
O00910,C0062,P025,2025-12-16,3,7053.43,West
O00911,C0022,P037,2026-02-13,2,5519.47,West
O00912,C0050,P002,2025-07-27,4,6116.89,West
O00913,C0023,P025,2026-06-08,3,5960.33,South
O00914,C0053,P005,2025-12-08,1,2192.44,West
O00915,C0011,P021,2025-09-23,4,2058.78,West
O00916,C0013,P013,2025-08-09,4,814.26,East
O00917,C0055,P034,2026-02-08,3,11885.39,West
O00918,C0061,P004,2026-05-11,2,7912.04,West
O00919,C0007,P021,2025-07-12,2,1651.98,East
O00920,C0097,P013,2026-02-15,3,1177.04,North
O00921,C0018,P031,2025-06-27,4,9097.18,North
O00922,C0032,P016,2025-01-27,3,1390.47,West
O00923,C0021,P032,2025-08-27,3,2743.43,East
O00924,C0088,P005,2025-03-23,2,2330.89,West
O00925,C0109,P004,2025-11-25,2,7823.72,North
O00926,C0008,P020,2025-03-31,3,4573.82,West
O00927,C0091,P026,2025-05-16,2,5992.82,South
O00928,C0017,P023,2026-05-15,4,7007.36,West
O00929,C0111,P033,2025-02-13,2,6542.88,North
O00930,C0102,P024,2025-09-05,2,1278.21,North
O00931,C0120,P007,2026-02-10,3,1348.76,West
O00932,C0021,P026,2025-04-13,3,9025.03,East
O00933,C0111,P030,2025-06-01,4,6262.31,West
O00934,C0045,P038,2025-12-20,2,6096.69,South
O00935,C0094,P013,2025-06-04,1,1201.2,North
O00936,C0092,P037,2025-09-20,1,5890.34,North
O00937,C0007,P029,2026-01-06,2,12201.45,North
O00938,C0083,P040,2025-10-17,2,7567.3,South
O00939,C0095,P005,2025-04-15,1,1710.39,West
O00940,C0082,P016,2025-09-04,1,2182.85,East
O00941,C0112,P021,2026-03-21,1,2221.88,North
O00942,C0007,P018,2025-02-25,3,8349.64,North
O00943,C0115,P010,2025-01-04,2,9918.71,West
O00944,C0028,P011,2025-06-28,4,2451.36,East
O00945,C0061,P034,2025-02-11,3,9863.69,East
O00946,C0099,P032,2026-01-12,2,3410.79,East
O00947,C0080,P007,2025-10-18,3,1417.19,South
O00948,C0039,P021,2025-08-11,1,1602.38,East
O00949,C0098,P021,2025-07-18,4,1855.67,West
O00950,C0028,P007,2025-01-27,4,1699.74,North
O00951,C0064,P012,2026-01-23,4,1372.63,East
O00952,C0091,P019,2025-01-14,3,8807.03,North
O00953,C0023,P023,2025-12-07,4,6681.29,South
O00954,C0038,P028,2025-11-02,2,2359.08,South
O00955,C0108,P007,2025-10-25,4,1396.03,West
O00956,C0094,P014,2025-11-30,2,4947.12,North
O00957,C0055,P002,2026-05-11,2,6636.84,East
O00958,C0019,P004,2025-12-13,4,6798.66,East
O00959,C0085,P029,2025-10-30,3,11541.46,South
O00960,C0066,P033,2026-03-17,1,6534.82,North
O00961,C0101,P014,2026-03-22,2,4515.61,South
O00962,C0014,P006,2026-03-02,2,2323.85,West
O00963,C0022,P011,2025-04-26,2,2863.83,East
O00964,C0041,P025,2025-09-01,4,8165.83,North
O00965,C0103,P038,2025-03-14,3,5028.61,South
O00966,C0066,P024,2025-08-14,4,1400.95,South
O00967,C0109,P006,2026-04-15,3,2498.41,South
O00968,C0029,P015,2025-10-06,1,3319.45,South
O00969,C0094,P035,2025-01-17,4,3628.72,West
O00970,C0096,P033,2025-09-22,1,5652.35,North
O00971,C0031,P022,2026-03-28,4,8059.45,South
O00972,C0010,P025,2025-12-26,2,7789.9,South
O00973,C0097,P028,2025-05-10,2,2817.43,East
O00974,C0077,P026,2025-01-21,3,8858.79,West
O00975,C0104,P037,2025-10-25,1,6403.13,West
O00976,C0100,P032,2026-02-22,4,3291.06,North
O00977,C0021,P009,2026-06-22,2,1888.78,East
O00978,C0055,P006,2025-03-02,2,2777.44,North
O00979,C0072,P009,2025-10-24,2,2069.48,West
O00980,C0086,P029,2025-02-06,3,10729.85,South
O00981,C0001,P039,2025-05-04,1,10347.88,West
O00982,C0119,P019,2025-05-13,2,5948.29,East
O00983,C0085,P029,2025-07-18,2,10778.91,East
O00984,C0102,P006,2025-02-07,2,2051.03,North
O00985,C0077,P024,2025-09-09,4,1238.67,South
O00986,C0109,P026,2025-04-11,3,8851.21,South
O00987,C0015,P022,2026-04-27,1,7599.35,West
O00988,C0038,P022,2026-05-01,2,7381.79,North
O00989,C0106,P026,2026-06-06,4,8155.57,East
O00990,C0056,P014,2025-10-08,4,4233.22,West
O00991,C0043,P015,2025-07-11,2,3125.98,East
O00992,C0109,P020,2026-04-20,1,5003.64,North
O00993,C0096,P021,2025-03-12,4,1616.02,West
O00994,C0022,P017,2026-06-26,2,8255.78,West
O00995,C0074,P026,2025-07-05,3,6951.78,South
O00996,C0031,P006,2026-06-10,3,2497.94,West
O00997,C0089,P016,2025-06-20,1,1938.51,North
O00998,C0102,P005,2025-01-17,3,1678.99,South
O00999,C0042,P029,2025-10-22,3,10559.37,North
O01000,C0112,P001,2026-06-15,3,4294.6,North
O01001,C0116,P022,2026-02-22,4,6356.08,East
O01002,C0014,P028,2025-12-31,4,2550.35,North
O01003,C0051,P022,2025-10-14,1,9117.93,North
O01004,C0077,P016,2025-07-14,3,1477.87,West
O01005,C0110,P005,2025-02-17,4,2422.55,West
O01006,C0059,P011,2025-03-03,1,2113.42,East
O01007,C0082,P028,2025-02-24,1,3452.8,South
O01008,C0020,P006,2025-06-18,1,2524.86,South
O01009,C0081,P013,2025-01-04,3,961.43,North
O01010,C0061,P030,2026-03-28,2,8245.12,West
O01011,C0037,P037,2026-03-07,2,4929.46,North
O01012,C0029,P037,2025-02-27,4,4412.47,South
O01013,C0098,P037,2025-01-28,4,5957.44,South
O01014,C0010,P028,2025-01-12,1,3566.01,East
O01015,C0038,P021,2025-10-02,3,1508.11,West
O01016,C0111,P012,2026-03-01,2,1599.22,North
O01017,C0061,P005,2025-09-20,4,1865.25,South
O01018,C0034,P003,2026-03-04,1,6446.17,West
O01019,C0011,P039,2025-10-31,1,7183.64,East
O01020,C0043,P001,2026-06-07,3,4244.3,North
O01021,C0062,P006,2026-06-26,4,2343.19,South
O01022,C0091,P021,2025-03-18,3,1439.4,West
O01023,C0019,P005,2025-07-16,2,1987.49,East
O01024,C0105,P004,2025-03-02,3,7907.28,North
O01025,C0108,P018,2025-05-17,2,6962.14,South
O01026,C0039,P012,2026-04-21,1,1542.91,North
O01027,C0007,P036,2026-05-02,2,3065.8,West
O01028,C0070,P035,2026-02-10,4,3050.58,West
O01029,C0029,P019,2025-04-25,4,7294.56,South
O01030,C0101,P003,2025-02-28,2,8409.97,South
O01031,C0068,P026,2025-09-28,2,8003.13,South
O01032,C0008,P015,2026-06-09,1,2338.72,East
O01033,C0116,P028,2025-11-13,4,3507.04,East
O01034,C0049,P004,2026-05-24,3,6945.63,West
O01035,C0026,P005,2025-01-12,2,2195.1,South
O01036,C0092,P015,2025-04-13,2,3049.9,North
O01037,C0092,P012,2025-12-30,1,1672.22,East
O01038,C0063,P021,2026-02-25,3,1668.91,South
O01039,C0030,P024,2025-06-27,1,1143.55,East
O01040,C0061,P002,2025-02-17,1,7562.69,West
O01041,C0073,P017,2025-07-10,2,10701.3,North
O01042,C0007,P032,2025-09-27,3,4028.63,South
O01043,C0037,P021,2025-02-17,3,1540.21,North
O01044,C0023,P022,2026-04-04,1,8154.46,East
O01045,C0023,P019,2025-10-04,2,7433.77,West
O01046,C0027,P014,2026-06-15,2,3887.15,East
O01047,C0085,P037,2026-01-02,4,4516.45,North
O01048,C0093,P037,2026-03-02,3,6579.38,North
O01049,C0076,P004,2026-05-04,1,5586.67,South
O01050,C0079,P022,2025-12-17,2,7744.02,East
O01051,C0001,P035,2026-02-18,1,3337.02,South
O01052,C0110,P038,2026-04-20,4,6215.91,East
O01053,C0101,P005,2026-05-30,2,2314.65,West
O01054,C0042,P024,2025-08-12,4,942.58,South
O01055,C0094,P027,2026-06-05,4,5156.79,East
O01056,C0028,P002,2025-02-16,3,5770.39,South
O01057,C0093,P017,2026-01-07,4,8984.29,West
O01058,C0044,P023,2025-02-03,3,6128.53,South
O01059,C0115,P017,2026-03-25,2,7435.86,East
O01060,C0060,P031,2025-12-17,2,9618.93,South
O01061,C0037,P029,2026-02-25,2,8856.14,West
O01062,C0040,P037,2026-03-11,3,4579.76,South
O01063,C0114,P004,2025-07-14,1,4933.63,East
O01064,C0066,P032,2025-09-19,1,3025.41,South
O01065,C0039,P018,2025-05-01,1,8123.17,North
O01066,C0036,P001,2025-08-20,2,4226.46,West
O01067,C0057,P009,2026-05-28,4,2107.38,South
O01068,C0072,P024,2025-10-13,2,960.55,East
O01069,C0037,P012,2025-02-14,2,1289.75,South
O01070,C0052,P005,2025-01-15,2,1763.54,South
O01071,C0006,P011,2025-09-26,1,2415.65,North
O01072,C0029,P018,2026-04-11,4,5472.3,East
O01073,C0064,P021,2026-04-08,2,1626.24,East
O01074,C0108,P019,2025-03-17,4,8775.03,West
O01075,C0120,P002,2026-03-30,4,7328.12,South
O01076,C0043,P001,2025-06-17,1,6206.06,West
O01077,C0062,P016,2025-02-28,4,2154.75,West
O01078,C0052,P035,2026-05-03,1,3149.39,West
O01079,C0082,P031,2026-02-21,1,8343.34,West
O01080,C0074,P024,2025-05-29,4,1501.83,South
O01081,C0061,P028,2025-02-19,2,2998.48,East
O01082,C0082,P020,2025-05-22,4,6349.57,West
O01083,C0020,P004,2025-02-02,4,7299.64,East
O01084,C0088,P013,2025-04-22,3,723.77,East
O01085,C0117,P034,2025-08-15,3,12002.12,East
O01086,C0026,P030,2025-10-28,4,6267.06,North
O01087,C0088,P037,2025-11-06,2,6176.51,North
O01088,C0038,P008,2025-04-30,4,1409.6,West
O01089,C0056,P031,2025-09-22,2,7252.1,West
O01090,C0096,P021,2026-01-26,2,1781.24,South
O01091,C0021,P036,2025-07-05,3,3474.16,North
O01092,C0114,P012,2026-03-03,2,1720.25,South
O01093,C0045,P039,2025-07-05,3,8367.7,East
O01094,C0051,P023,2026-01-18,1,9305.6,East
O01095,C0010,P018,2026-05-12,2,5778.5,West
O01096,C0109,P015,2025-01-28,4,3139.11,South
O01097,C0071,P024,2025-12-01,3,921.76,East
O01098,C0006,P038,2025-06-22,1,4933.62,South
O01099,C0038,P032,2025-09-28,1,2784.26,South
O01100,C0008,P016,2025-07-10,4,1614.83,South
O01101,C0030,P024,2025-10-08,4,1188.46,North
O01102,C0114,P020,2026-05-29,1,5477.91,West
O01103,C0035,P001,2025-03-31,4,6170.65,East
O01104,C0105,P009,2025-01-08,1,1731.11,South
O01105,C0044,P037,2026-05-24,2,5020.27,West
O01106,C0048,P029,2025-08-04,4,11974.74,West
O01107,C0063,P024,2025-12-09,4,914.28,North
O01108,C0007,P022,2025-08-07,3,8490.14,East
O01109,C0040,P032,2026-02-08,3,4189.91,East
O01110,C0077,P006,2025-10-24,1,2846.04,East
O01111,C0041,P015,2026-02-08,2,2813.15,South
O01112,C0093,P030,2025-05-05,2,8176.58,West
O01113,C0107,P030,2025-01-04,4,9272.35,East
O01114,C0119,P015,2025-12-17,2,2676.04,North
O01115,C0025,P017,2026-01-13,3,8839.64,North
O01116,C0066,P010,2025-06-09,2,9030.55,West
O01117,C0036,P036,2026-06-09,1,3954.95,South
O01118,C0032,P028,2025-09-07,4,3503.7,East
O01119,C0064,P018,2025-11-20,3,5394.13,North
O01120,C0014,P020,2025-07-09,1,5251.0,South
O01121,C0035,P032,2026-06-18,2,3226.12,North
O01122,C0018,P029,2025-04-24,3,7738.25,West
O01123,C0053,P033,2025-04-30,3,6260.99,East
O01124,C0071,P010,2025-02-11,2,10501.05,North
O01125,C0064,P002,2025-01-30,1,5246.54,North
O01126,C0010,P032,2026-04-19,4,3122.67,North
O01127,C0058,P017,2025-07-01,2,7409.91,South
O01128,C0066,P018,2025-05-27,2,6834.7,North
O01129,C0023,P006,2026-04-25,4,2332.77,North
O01130,C0119,P017,2025-06-30,3,7669.42,West
O01131,C0028,P017,2026-01-08,4,8056.02,South
O01132,C0107,P024,2026-06-01,4,1064.63,East
O01133,C0105,P014,2026-03-04,2,3887.32,East
O01134,C0013,P012,2025-06-06,1,1190.47,North
O01135,C0037,P007,2025-05-10,2,2177.59,West
O01136,C0050,P025,2025-05-21,3,9924.42,South
O01137,C0042,P018,2025-11-12,4,7631.88,East
O01138,C0085,P029,2026-02-13,2,11753.46,North
O01139,C0114,P017,2025-10-07,1,9234.78,West
O01140,C0096,P034,2026-04-24,2,11742.72,North
O01141,C0049,P039,2026-03-14,2,9432.55,West
O01142,C0006,P013,2026-02-22,1,1162.26,North
O01143,C0081,P034,2025-01-10,3,7312.11,North
O01144,C0086,P004,2025-07-29,3,7390.1,North
O01145,C0090,P005,2025-09-22,3,1607.27,West
O01146,C0077,P027,2025-08-22,1,6588.25,North
O01147,C0003,P035,2025-11-05,2,2886.63,North
O01148,C0063,P015,2025-07-30,4,2715.95,South
O01149,C0082,P032,2025-07-04,1,3058.5,South
O01150,C0054,P008,2026-04-02,4,1050.68,West
O01151,C0038,P009,2025-07-25,3,1575.76,West
O01152,C0042,P002,2025-05-13,3,5150.33,North
O01153,C0050,P023,2025-05-25,2,9252.99,South
O01154,C0067,P039,2025-07-18,4,8385.69,North
O01155,C0077,P013,2025-04-14,4,796.43,North
O01156,C0018,P028,2026-04-07,1,3703.29,North
O01157,C0075,P021,2026-05-28,4,1553.68,East
O01158,C0078,P025,2025-09-30,4,9028.52,West
O01159,C0078,P002,2025-04-02,1,7656.3,South
O01160,C0057,P029,2025-04-24,3,11918.04,East
O01161,C0099,P040,2025-05-31,2,8596.69,East
O01162,C0048,P039,2026-06-05,4,7456.96,South
O01163,C0096,P018,2025-07-31,4,8044.45,West
O01164,C0024,P005,2025-02-01,4,2340.99,West
O01165,C0063,P026,2025-05-31,2,7554.42,South
O01166,C0033,P017,2026-01-11,4,10440.23,South
O01167,C0087,P007,2026-05-24,2,1327.18,East
O01168,C0109,P018,2026-01-27,4,6468.08,South
O01169,C0017,P013,2026-04-07,4,1166.47,West
O01170,C0046,P036,2025-05-16,1,3347.47,North
O01171,C0041,P018,2025-04-14,3,7247.96,East
O01172,C0119,P009,2025-11-03,3,2045.28,South
O01173,C0106,P016,2026-01-29,1,1595.26,North
O01174,C0119,P038,2026-06-05,2,5536.77,North
O01175,C0002,P005,2026-05-02,2,2137.25,South
O01176,C0004,P010,2025-02-14,4,10676.86,East
O01177,C0021,P002,2025-09-16,2,5654.48,East
O01178,C0028,P022,2025-08-22,3,7723.08,North
O01179,C0102,P013,2025-10-13,4,864.32,East
O01180,C0086,P013,2025-04-16,1,1059.11,East
O01181,C0097,P012,2025-09-01,2,1468.12,West
O01182,C0021,P026,2025-12-13,1,6173.03,South
O01183,C0112,P012,2026-05-14,2,1794.14,East
O01184,C0115,P038,2025-10-03,4,5000.87,North
O01185,C0052,P029,2025-07-10,2,11903.85,South
O01186,C0014,P039,2025-08-20,3,8537.27,East
O01187,C0102,P007,2026-03-31,1,1403.12,South
O01188,C0031,P028,2025-07-05,3,3009.11,West
O01189,C0034,P003,2025-06-13,1,8879.95,North
O01190,C0044,P025,2026-06-15,2,7921.59,South
O01191,C0006,P019,2025-02-02,2,8820.42,South
O01192,C0090,P024,2025-05-10,1,927.97,East
O01193,C0085,P008,2026-05-18,3,1474.91,North
O01194,C0005,P017,2025-11-14,1,10113.15,South
O01195,C0090,P010,2025-03-18,3,7428.54,West
O01196,C0068,P028,2025-01-09,2,3177.04,West
O01197,C0038,P023,2026-02-15,2,7057.19,South
O01198,C0078,P035,2025-07-22,3,2719.74,East
O01199,C0012,P030,2025-01-20,3,7558.16,South
O01200,C0064,P027,2025-08-03,3,5474.31,West
O01201,C0077,P031,2026-01-02,3,9328.94,North
O01202,C0043,P035,2026-02-11,3,4056.43,North
O01203,C0052,P025,2025-08-09,2,7513.84,West
O01204,C0050,P003,2025-02-10,2,7482.34,South
O01205,C0061,P035,2025-12-30,2,3188.81,North
O01206,C0008,P007,2025-03-02,3,2064.32,East
O01207,C0071,P030,2026-06-16,1,7028.93,North
O01208,C0112,P004,2025-12-13,1,6026.45,North
O01209,C0051,P022,2026-01-23,4,9294.61,South
O01210,C0118,P034,2025-09-21,3,8534.52,East
O01211,C0027,P032,2025-07-22,4,3714.38,East
O01212,C0043,P010,2025-05-08,2,7523.17,South
O01213,C0074,P037,2025-10-19,1,5081.86,East
O01214,C0116,P007,2025-01-02,4,1669.03,North
O01215,C0016,P003,2025-07-19,1,8851.39,West
O01216,C0027,P038,2025-04-08,1,4187.49,North
O01217,C0053,P018,2026-06-05,1,7665.78,East
O01218,C0017,P029,2025-03-19,3,10369.28,West
O01219,C0095,P017,2025-02-24,2,9060.59,South
O01220,C0050,P033,2025-10-19,3,4507.42,South
O01221,C0031,P008,2025-08-18,2,1289.86,North
O01222,C0051,P029,2025-07-03,1,8532.47,North
O01223,C0103,P019,2025-08-15,3,7378.88,North
O01224,C0021,P031,2025-04-30,2,8660.94,North
O01225,C0011,P029,2025-02-13,3,7830.8,South
O01226,C0109,P023,2026-02-13,3,6672.22,South
O01227,C0081,P007,2025-09-06,2,1978.38,East
O01228,C0087,P030,2025-04-07,2,5913.06,North
O01229,C0082,P039,2025-04-29,4,10189.47,West
O01230,C0030,P023,2026-04-13,1,7326.84,North
O01231,C0057,P009,2025-11-24,2,1925.93,South
O01232,C0112,P024,2026-02-03,2,1448.36,East
O01233,C0070,P017,2026-02-25,1,8992.89,North
O01234,C0107,P028,2025-07-15,3,2825.26,West
O01235,C0017,P015,2026-03-20,1,3071.28,South
O01236,C0025,P024,2025-04-15,1,1181.1,South
O01237,C0067,P004,2026-06-29,4,4936.4,South
O01238,C0108,P037,2025-12-11,4,4502.67,North
O01239,C0087,P010,2026-02-17,2,8693.31,East
O01240,C0115,P023,2025-01-27,4,8166.69,South
O01241,C0080,P012,2025-02-11,4,1842.99,West
O01242,C0111,P037,2025-06-17,1,4389.64,South
O01243,C0011,P008,2025-12-29,3,1248.84,West
O01244,C0047,P005,2025-11-05,2,1994.05,East
O01245,C0035,P001,2025-07-12,3,3957.56,North
O01246,C0048,P012,2025-04-28,1,1748.91,North
O01247,C0099,P012,2026-03-28,3,1608.31,East
O01248,C0015,P025,2025-04-10,2,7600.03,South
O01249,C0027,P027,2026-05-04,1,6109.44,North
O01250,C0035,P009,2025-11-24,3,1508.21,East
O01251,C0086,P008,2025-12-21,3,1003.76,South
O01252,C0002,P024,2026-03-02,2,927.68,East
O01253,C0002,P022,2025-02-03,4,8523.53,East
O01254,C0111,P007,2025-04-21,3,1391.97,East
O01255,C0067,P012,2025-07-16,4,1842.38,South
O01256,C0102,P035,2025-11-04,1,3772.7,North
O01257,C0032,P031,2025-01-13,4,8060.06,North
O01258,C0085,P017,2025-10-11,2,7480.15,South
O01259,C0070,P008,2026-03-21,2,1534.6,West
O01260,C0035,P007,2025-02-16,1,1332.95,West
O01261,C0077,P034,2025-04-18,3,9813.53,South
O01262,C0103,P024,2025-07-06,1,1363.06,East
O01263,C0034,P031,2026-04-06,3,6889.31,West
O01264,C0003,P036,2025-12-02,3,3657.88,South
O01265,C0045,P016,2025-05-25,2,2153.47,West
O01266,C0059,P015,2025-03-24,4,3491.81,East
O01267,C0023,P015,2025-07-06,1,3081.85,North
O01268,C0020,P038,2026-03-25,1,3975.68,East
O01269,C0045,P014,2026-05-06,1,4516.86,North
O01270,C0011,P032,2025-10-23,2,3000.59,West
O01271,C0048,P026,2025-05-28,1,6408.66,North
O01272,C0067,P016,2025-03-11,1,1742.41,North
O01273,C0007,P035,2025-12-25,3,3728.64,East
O01274,C0056,P007,2026-04-15,1,1584.99,North
O01275,C0115,P035,2025-08-25,1,2565.16,West
O01276,C0010,P035,2026-02-20,4,3787.73,West
O01277,C0018,P005,2025-12-15,1,1694.28,East
O01278,C0093,P014,2025-11-30,2,4205.14,North
O01279,C0026,P037,2025-12-28,1,6719.96,North
O01280,C0100,P022,2026-02-24,3,9287.26,East
O01281,C0108,P039,2025-02-24,1,6873.75,East
O01282,C0074,P008,2025-02-13,4,1297.54,West
O01283,C0118,P016,2025-01-01,3,1582.07,North
O01284,C0048,P016,2025-05-31,2,1965.05,West
O01285,C0005,P032,2025-01-01,4,2605.8,West
O01286,C0089,P012,2026-03-07,3,1430.68,East
O01287,C0005,P028,2026-05-25,2,3052.14,South
O01288,C0053,P019,2025-01-18,4,7064.53,West
O01289,C0085,P018,2025-02-15,3,6266.74,North
O01290,C0018,P027,2025-04-16,4,5149.23,South
O01291,C0104,P034,2025-07-14,2,8399.57,West
O01292,C0073,P013,2025-02-23,2,824.07,North
O01293,C0064,P040,2025-10-14,1,6484.2,West
O01294,C0068,P007,2025-03-16,1,1923.86,West
O01295,C0063,P025,2025-04-23,4,6222.66,West
O01296,C0015,P031,2025-11-03,4,8154.97,East
O01297,C0022,P002,2025-01-25,2,7783.82,East
O01298,C0099,P040,2025-04-04,2,7816.8,North
O01299,C0063,P018,2026-03-04,3,8321.51,North
O01300,C0042,P028,2025-06-01,3,3144.64,South
O01301,C0093,P027,2025-07-01,1,5849.13,West
O01302,C0026,P011,2026-03-19,2,2313.98,East
O01303,C0007,P029,2025-06-04,3,10479.55,North
O01304,C0045,P003,2025-02-20,4,9748.33,South
O01305,C0096,P019,2025-06-10,3,8221.45,South
O01306,C0045,P035,2025-07-03,3,4147.0,West
O01307,C0014,P022,2025-08-14,3,9087.07,East
O01308,C0090,P033,2026-01-26,2,6835.04,South
O01309,C0031,P017,2025-07-23,4,10836.49,East
O01310,C0107,P007,2025-07-09,1,2129.18,South
O01311,C0116,P011,2025-12-04,3,3061.25,East
O01312,C0095,P030,2025-09-29,3,8596.76,North
O01313,C0027,P015,2026-03-14,1,2243.45,South
O01314,C0095,P023,2025-12-08,1,8137.01,West
O01315,C0027,P014,2026-06-05,3,4811.18,North
O01316,C0069,P021,2025-10-27,4,1800.56,West
O01317,C0055,P004,2025-04-27,4,5072.09,East
O01318,C0030,P007,2025-12-01,4,2053.7,South
O01319,C0101,P015,2025-05-13,1,2502.97,South
O01320,C0087,P005,2026-04-21,1,1605.79,South
O01321,C0045,P009,2025-03-22,1,2052.16,South
O01322,C0103,P016,2026-05-14,4,1950.71,South
O01323,C0070,P011,2025-08-08,4,2354.12,West
O01324,C0009,P002,2025-10-08,4,5160.33,North
O01325,C0068,P037,2025-06-27,4,5875.57,North
O01326,C0109,P026,2025-11-12,2,6153.61,West
O01327,C0008,P028,2025-02-18,2,2501.82,South
O01328,C0110,P007,2025-12-11,2,2055.86,West
O01329,C0051,P004,2026-04-25,1,6577.22,South
O01330,C0022,P040,2025-04-06,3,7227.23,East
O01331,C0048,P003,2026-06-03,1,9191.87,North
O01332,C0041,P026,2025-04-08,1,5614.83,East
O01333,C0030,P002,2025-08-24,4,5704.18,North
O01334,C0055,P006,2026-02-20,2,2208.91,North
O01335,C0099,P029,2025-10-10,4,10045.67,South
O01336,C0013,P005,2025-01-24,3,1699.02,North
O01337,C0017,P017,2026-02-07,1,6889.55,East
O01338,C0057,P030,2025-09-22,4,6732.3,South
O01339,C0056,P006,2026-04-17,3,2553.62,East
O01340,C0016,P022,2026-05-24,3,8004.91,North
O01341,C0031,P022,2025-02-20,2,9447.81,West
O01342,C0021,P003,2025-10-06,4,8129.21,South
O01343,C0011,P013,2025-09-14,3,1015.52,North
O01344,C0036,P011,2025-11-21,4,2420.85,West
O01345,C0120,P015,2026-02-09,1,2333.83,North
O01346,C0106,P008,2026-03-28,2,1087.74,South
O01347,C0110,P034,2025-09-28,2,7713.17,South
O01348,C0109,P024,2026-06-11,1,1398.12,West
O01349,C0040,P022,2025-11-03,3,8944.93,West
O01350,C0084,P021,2025-08-11,2,2251.88,West
O01351,C0040,P021,2025-12-02,1,1459.88,North
O01352,C0089,P005,2025-08-13,3,1867.21,South
O01353,C0037,P006,2026-03-08,1,2410.63,East
O01354,C0051,P022,2026-01-23,1,9963.32,North
O01355,C0012,P021,2025-04-23,3,1805.48,East
O01356,C0020,P034,2026-02-15,4,8047.52,North
O01357,C0006,P017,2025-11-23,4,9796.39,South
O01358,C0064,P028,2025-10-12,4,3287.06,East
O01359,C0088,P002,2026-01-23,4,6532.67,West
O01360,C0090,P001,2026-06-04,1,5689.52,East
O01361,C0086,P021,2025-09-14,2,1580.46,South
O01362,C0099,P040,2026-02-01,1,8832.85,West
O01363,C0099,P019,2025-10-03,2,9413.65,North
O01364,C0022,P002,2025-01-23,1,6243.98,East
O01365,C0027,P030,2025-11-19,3,6839.19,North
O01366,C0096,P035,2025-02-27,4,4073.61,West
O01367,C0034,P033,2025-06-08,3,5778.31,West
O01368,C0030,P040,2026-04-11,1,9569.36,South
O01369,C0022,P002,2025-04-27,1,5504.79,North
O01370,C0039,P034,2025-02-11,3,7647.54,South
O01371,C0112,P028,2025-10-03,3,3818.22,South
O01372,C0056,P007,2025-07-08,3,1826.55,South
O01373,C0052,P004,2025-02-17,3,6913.81,North
O01374,C0025,P001,2025-06-14,3,5139.74,East
O01375,C0026,P037,2026-05-04,2,6879.94,South
O01376,C0065,P002,2025-05-05,3,5868.84,North
O01377,C0042,P013,2026-04-12,4,1169.36,East
O01378,C0049,P018,2025-04-14,3,7653.26,North
O01379,C0072,P001,2025-01-08,4,4516.53,North
O01380,C0047,P032,2025-08-12,4,3904.29,West
O01381,C0081,P030,2025-02-19,1,7194.13,West
O01382,C0057,P009,2026-04-08,2,1742.51,North
O01383,C0117,P026,2026-05-10,4,8937.86,West
O01384,C0030,P004,2025-05-04,2,6628.33,West
O01385,C0078,P036,2025-03-18,3,4662.81,West
O01386,C0082,P012,2026-04-23,3,1703.51,North
O01387,C0078,P030,2025-07-10,2,7266.14,North
O01388,C0049,P008,2025-01-29,1,1105.78,East
O01389,C0107,P013,2025-07-12,4,1082.91,North
O01390,C0012,P022,2025-01-30,1,10529.69,East
O01391,C0095,P001,2026-05-19,1,4826.13,North
O01392,C0055,P005,2025-05-16,1,1930.0,West
O01393,C0015,P005,2025-05-20,4,2581.72,North
O01394,C0105,P037,2026-01-04,4,4231.44,East
O01395,C0053,P019,2026-04-21,1,7436.42,West
O01396,C0096,P018,2025-02-28,3,7214.49,East
O01397,C0078,P010,2026-06-27,1,9345.87,North
O01398,C0099,P004,2025-08-30,3,6152.32,West
O01399,C0094,P011,2025-03-01,1,3189.53,North
O01400,C0075,P024,2025-02-14,4,1519.19,South
O01401,C0011,P028,2025-10-29,4,2615.24,West
O01402,C0073,P001,2026-04-23,3,6323.61,South
O01403,C0108,P026,2026-04-12,1,5718.57,East
O01404,C0107,P008,2025-03-15,2,1174.61,North
O01405,C0106,P022,2026-01-10,4,9322.85,North
O01406,C0048,P024,2026-06-10,1,1178.82,North
O01407,C0036,P037,2025-01-04,3,6435.8,West
O01408,C0086,P040,2025-06-04,3,6263.1,South
O01409,C0105,P038,2025-05-23,4,6048.99,East
O01410,C0046,P017,2025-08-10,1,7245.1,West
O01411,C0108,P040,2025-07-10,2,6934.07,West
O01412,C0050,P010,2026-03-20,4,8258.83,East
O01413,C0054,P020,2026-05-15,4,4873.55,North
O01414,C0091,P031,2025-12-30,2,9777.22,East
O01415,C0092,P029,2026-03-05,2,9942.99,South
O01416,C0002,P014,2025-05-31,1,5248.31,East
O01417,C0001,P032,2025-11-17,1,3180.46,North
O01418,C0012,P014,2026-05-22,3,4079.0,East
O01419,C0051,P002,2025-12-09,1,5456.25,South
O01420,C0024,P016,2025-04-11,2,2097.82,East
O01421,C0002,P012,2025-11-10,3,1235.54,South
O01422,C0087,P009,2026-04-10,4,1431.88,West
O01423,C0022,P039,2025-08-12,2,8972.8,North
O01424,C0004,P029,2026-03-09,1,8457.96,East
O01425,C0036,P006,2025-02-01,3,2324.81,North
O01426,C0007,P022,2025-11-28,2,10200.62,East
O01427,C0117,P039,2025-05-24,4,10283.75,South
O01428,C0096,P032,2025-01-07,1,2841.21,South
O01429,C0084,P026,2025-06-07,2,8790.19,West
O01430,C0047,P029,2025-04-21,2,11727.62,West
O01431,C0017,P040,2025-12-14,1,7507.3,West
O01432,C0095,P013,2025-01-30,4,846.21,East
O01433,C0021,P007,2026-04-26,2,1622.05,South
O01434,C0020,P035,2025-10-09,2,3951.93,West
O01435,C0119,P007,2025-12-01,4,1920.09,West
O01436,C0100,P013,2025-11-04,1,994.8,West
O01437,C0078,P008,2025-03-08,2,1085.46,South
O01438,C0084,P020,2025-08-17,3,6168.1,North
O01439,C0091,P031,2026-01-17,1,6767.13,West
O01440,C0059,P012,2025-05-04,3,1744.89,East
O01441,C0041,P037,2025-05-30,3,5477.21,North
O01442,C0075,P008,2026-02-14,1,1593.84,South
O01443,C0033,P009,2025-10-03,4,1440.94,West
O01444,C0078,P031,2025-05-25,2,7783.41,West
O01445,C0111,P019,2025-11-11,3,6398.5,East
O01446,C0031,P002,2026-01-23,2,7668.65,East
O01447,C0107,P018,2026-04-26,3,5413.24,West
O01448,C0010,P007,2025-03-15,3,2074.73,North
O01449,C0114,P023,2026-01-11,2,6288.36,West
O01450,C0051,P013,2025-09-19,4,1006.16,West
O01451,C0059,P006,2025-09-03,2,2178.05,South
O01452,C0006,P003,2025-04-18,1,7186.27,East
O01453,C0047,P031,2026-04-15,3,5993.87,South
O01454,C0087,P005,2025-05-24,1,2168.65,South
O01455,C0009,P029,2026-04-28,1,8962.01,East
O01456,C0060,P014,2026-05-26,3,3418.62,West
O01457,C0080,P028,2025-04-11,2,3208.66,West
O01458,C0019,P008,2026-04-10,4,1334.9,South
O01459,C0074,P003,2026-02-08,3,10557.11,South
O01460,C0091,P016,2025-12-14,4,2244.63,West
O01461,C0096,P012,2025-08-04,3,1878.36,North
O01462,C0037,P035,2025-03-20,1,3998.92,East
O01463,C0080,P034,2025-01-20,2,11210.82,North
O01464,C0027,P040,2026-05-12,3,6107.15,North
O01465,C0037,P033,2025-06-12,2,6084.83,East
O01466,C0025,P035,2025-12-07,3,3729.18,West
O01467,C0094,P010,2025-04-17,2,10140.51,East
O01468,C0034,P016,2025-02-13,1,1592.31,South
O01469,C0080,P006,2026-04-21,4,3054.76,West
O01470,C0062,P034,2026-03-25,4,11879.7,West
O01471,C0104,P034,2025-01-01,4,9864.97,West
O01472,C0052,P009,2025-08-08,4,1352.69,West
O01473,C0070,P012,2025-02-02,4,1247.31,South
O01474,C0071,P038,2025-03-13,2,5936.55,East
O01475,C0016,P036,2026-05-29,2,4377.4,North
O01476,C0010,P025,2025-03-17,2,6952.55,West
O01477,C0059,P012,2025-09-30,1,1564.27,West
O01478,C0079,P025,2026-04-06,1,8379.41,East
O01479,C0106,P017,2026-02-09,1,7126.86,South
O01480,C0089,P011,2025-10-17,4,2665.72,North
O01481,C0015,P009,2025-03-29,3,1768.37,West
O01482,C0033,P016,2025-07-10,2,1786.3,North
O01483,C0083,P003,2025-07-09,3,6424.78,South
O01484,C0056,P006,2025-08-09,3,2282.1,West
O01485,C0030,P009,2025-08-15,1,2065.8,East
O01486,C0041,P005,2026-06-19,2,1751.21,South
O01487,C0099,P013,2026-01-12,3,1209.67,North
O01488,C0108,P015,2025-10-07,3,2921.47,West
O01489,C0102,P030,2025-02-06,4,6968.98,West
O01490,C0009,P004,2025-04-11,3,7218.26,North
O01491,C0061,P016,2025-01-30,2,2214.84,West
O01492,C0048,P004,2026-03-06,4,5495.42,East
O01493,C0030,P026,2026-01-19,3,5873.02,West
O01494,C0057,P020,2026-05-11,4,6210.27,North
O01495,C0085,P004,2025-08-11,1,6377.84,South
O01496,C0052,P012,2025-05-23,2,1468.56,South
O01497,C0022,P035,2025-10-16,2,2682.82,East
O01498,C0097,P006,2026-03-28,2,2582.89,West
O01499,C0006,P007,2025-01-19,1,2200.09,West
O01500,C0105,P030,2026-05-14,3,9568.2,North
